{"0": {"0": 1.0183812692129532, "1": 0.9822705117790415}, "1": {"0": 1.1678900854783407, "1": 0.8743130874909617}, "2": {"0": 1.0700663716814158, "1": 0.9385454263204874}}